"id","name"
"F-A0010-001","<U+4E00><U+9031><U+8FB2><U+696D><U+6C23><U+8C61><U+9810><U+5831>-<U+672A><U+4F86><U+5929><U+6C23><U+6982><U+6CC1><U+3001><U+5404><U+5730><U+5929><U+6C23><U+9810><U+5831><U+53CA><U+8FB2><U+4E8B><U+5EFA><U+8B70>"
"F-A0012-001","<U+6D77><U+9762><U+5929><U+6C23><U+9810><U+5831>-<U+6D77><U+9762><U+5929><U+6C23><U+9810><U+5831>"
"F-A0012-002","<U+6D77><U+9762><U+5929><U+6C23><U+9810><U+5831>-<U+6D77><U+9762><U+5929><U+6C23><U+9810><U+5831>(<U+82F1><U+6587><U+7248>)"
"F-A0013-001","<U+9577><U+671F><U+5929><U+6C23><U+9810><U+5831>-<U+6708><U+9577><U+671F><U+5929><U+6C23><U+5C55><U+671B>"
"F-A0013-002","<U+9577><U+671F><U+5929><U+6C23><U+9810><U+5831>-<U+5B63><U+9577><U+671F><U+5929><U+6C23><U+5C55><U+671B>"
"F-A0020-001","<U+6CE2><U+6D6A><U+9810><U+5831><U+6A21><U+5F0F><U+8CC7><U+6599>-<U+53F0><U+7063><U+6D77><U+57DF><U+9810><U+5831><U+8CC7><U+6599>"
"F-A0021-001","<U+6F6E><U+6C50><U+9810><U+5831>-<U+672A><U+4F86>1<U+500B><U+6708><U+6F6E><U+6C50><U+9810><U+5831>"
"F-A0022-001","<U+6EFF><U+6F6E><U+9810><U+5831><U+5716>-<U+4ECA><U+65E5><U+6EFF><U+6F6E><U+9810><U+5831><U+5F71><U+50CF><U+5716>"
"F-A0022-002","<U+6EFF><U+6F6E><U+9810><U+5831><U+5716>-<U+660E><U+65E5><U+6EFF><U+6F6E><U+9810><U+5831><U+5F71><U+50CF><U+5716>"
"F-A0022-003","<U+6EFF><U+6F6E><U+9810><U+5831><U+5716>-<U+5F8C><U+5929><U+6EFF><U+6F6E><U+9810><U+5831><U+5F71><U+50CF><U+5716>"
"F-A0022-004","<U+6EFF><U+6F6E><U+9810><U+5831><U+5716>-<U+7B2C>4<U+5929><U+6EFF><U+6F6E><U+9810><U+5831><U+5F71><U+50CF><U+5716>"
"F-A0022-005","<U+6EFF><U+6F6E><U+9810><U+5831><U+5716>-<U+7B2C>5<U+5929><U+6EFF><U+6F6E><U+9810><U+5831><U+5F71><U+50CF><U+5716>"
"F-A0022-006","<U+6EFF><U+6F6E><U+9810><U+5831><U+5716>-<U+7B2C>6<U+5929><U+6EFF><U+6F6E><U+9810><U+5831><U+5F71><U+50CF><U+5716>"
"F-A0022-007","<U+6EFF><U+6F6E><U+9810><U+5831><U+5716>-<U+7B2C>7<U+5929><U+6EFF><U+6F6E><U+9810><U+5831><U+5F71><U+50CF><U+5716>"
"F-A0023-001","<U+6F6E><U+6C50><U+8868>-<U+660E><U+5E74><U+9AD8><U+4F4E><U+6F6E><U+6642><U+6F6E><U+9AD8><U+9810><U+5831>"
"F-A0037-001","<U+85CD><U+8272><U+516C><U+8DEF><U+6D77><U+6CC1><U+9810><U+5831>-<U+85CD><U+8272><U+516C><U+8DEF><U+57FA><U+9686><U+99AC><U+7956><U+822A><U+7DDA><U+89C0><U+6E2C><U+53CA><U+9810><U+5831><U+9010><U+6642><U+6D77><U+6C23><U+8C61><U+8CC7><U+8A0A>"
"F-A0037-002","<U+85CD><U+8272><U+516C><U+8DEF><U+6D77><U+6CC1><U+9810><U+5831>-<U+85CD><U+8272><U+516C><U+8DEF><U+81FA><U+4E2D><U+5E73><U+6F6D><U+822A><U+7DDA><U+89C0><U+6E2C><U+53CA><U+9810><U+5831><U+9010><U+6642><U+6D77><U+6C23><U+8C61><U+8CC7><U+8A0A>"
"F-A0037-003","<U+85CD><U+8272><U+516C><U+8DEF><U+6D77><U+6CC1><U+9810><U+5831>-<U+85CD><U+8272><U+516C><U+8DEF><U+57FA><U+9686><U+81FA><U+5DDE><U+822A><U+7DDA><U+89C0><U+6E2C><U+53CA><U+9810><U+5831><U+9010><U+6642><U+6D77><U+6C23><U+8C61><U+8CC7><U+8A0A>"
"F-A0037-004","<U+85CD><U+8272><U+516C><U+8DEF><U+6D77><U+6CC1><U+9810><U+5831>-<U+85CD><U+8272><U+516C><U+8DEF><U+81FA><U+4E2D><U+91D1><U+9580><U+822A><U+7DDA><U+89C0><U+6E2C><U+53CA><U+9810><U+5831><U+9010><U+6642><U+6D77><U+6C23><U+8C61><U+8CC7><U+8A0A>"
"F-A0037-005","<U+85CD><U+8272><U+516C><U+8DEF><U+6D77><U+6CC1><U+9810><U+5831>-<U+85CD><U+8272><U+516C><U+8DEF><U+81FA><U+5317><U+6E2F><U+5E73><U+6F6D><U+822A><U+7DDA><U+89C0><U+6E2C><U+53CA><U+9810><U+5831><U+9010><U+6642><U+6D77><U+6C23><U+8C61><U+8CC7><U+8A0A>"
"F-C0032-001","<U+4E00><U+822C><U+5929><U+6C23><U+9810><U+5831>-<U+4ECA><U+660E>36<U+5C0F><U+6642><U+5929><U+6C23><U+9810><U+5831>"
"F-C0032-002","<U+4E00><U+822C><U+5929><U+6C23><U+9810><U+5831>-<U+4ECA><U+660E>36<U+5C0F><U+6642><U+5929><U+6C23><U+9810><U+5831>(<U+82F1><U+6587><U+7248>)"
"F-C0032-003","<U+4E00><U+822C><U+5929><U+6C23><U+9810><U+5831>-<U+4E03><U+5929><U+5929><U+6C23><U+9810><U+5831>"
"F-C0032-004","<U+4E00><U+822C><U+5929><U+6C23><U+9810><U+5831>-<U+4E03><U+5929><U+5929><U+6C23><U+9810><U+5831>(<U+82F1><U+6587><U+7248>)"
"F-C0032-005","<U+4E00><U+822C><U+5929><U+6C23><U+9810><U+5831>-<U+4E00><U+9031><U+7E23><U+5E02><U+5929><U+6C23><U+9810><U+5831>"
"F-C0032-006","<U+4E00><U+822C><U+5929><U+6C23><U+9810><U+5831>-<U+4E00><U+9031><U+7E23><U+5E02><U+5929><U+6C23><U+9810><U+5831>(<U+82F1><U+6587><U+7248>)"
"F-C0032-007","<U+4E00><U+822C><U+5929><U+6C23><U+9810><U+5831>-<U+5168><U+7403><U+90FD><U+5E02><U+5929><U+6C23><U+9810><U+5831>"
"F-C0032-008","<U+4E00><U+822C><U+5929><U+6C23><U+9810><U+5831>-<U+5168><U+7403><U+90FD><U+5E02><U+5929><U+6C23><U+9810><U+5831>(<U+82F1><U+6587><U+7248>)"
"F-C0032-009","<U+53F0><U+5317><U+5E02><U+5929><U+6C23><U+5C0F><U+5E6B><U+624B>"
"F-C0032-010","<U+65B0><U+5317><U+5E02><U+5929><U+6C23><U+5C0F><U+5E6B><U+624B>"
"F-C0032-011","<U+57FA><U+9686><U+5E02><U+5929><U+6C23><U+5C0F><U+5E6B><U+624B>"
"F-C0032-012","<U+82B1><U+84EE><U+7E23><U+5929><U+6C23><U+5C0F><U+5E6B><U+624B>"
"F-C0032-013","<U+5B9C><U+862D><U+7E23><U+5929><U+6C23><U+5C0F><U+5E6B><U+624B>"
"F-C0032-014","<U+91D1><U+9580><U+7E23><U+5929><U+6C23><U+5C0F><U+5E6B><U+624B>"
"F-C0032-015","<U+6F8E><U+6E56><U+7E23><U+5929><U+6C23><U+5C0F><U+5E6B><U+624B>"
"F-C0032-016","<U+53F0><U+5357><U+5E02><U+5929><U+6C23><U+5C0F><U+5E6B><U+624B>"
"F-C0032-017","<U+9AD8><U+96C4><U+5E02><U+5929><U+6C23><U+5C0F><U+5E6B><U+624B>"
"F-C0032-018","<U+5609><U+7FA9><U+7E23><U+5929><U+6C23><U+5C0F><U+5E6B><U+624B>"
"F-C0032-019","<U+5609><U+7FA9><U+5E02><U+5929><U+6C23><U+5C0F><U+5E6B><U+624B>"
"F-C0032-020","<U+82D7><U+6817><U+7E23><U+5929><U+6C23><U+5C0F><U+5E6B><U+624B>"
"F-C0032-021","<U+53F0><U+4E2D><U+5E02><U+5929><U+6C23><U+5C0F><U+5E6B><U+624B>"
"F-C0032-022","<U+6843><U+5712><U+5E02><U+5929><U+6C23><U+5C0F><U+5E6B><U+624B>"
"F-C0032-023","<U+65B0><U+7AF9><U+7E23><U+5929><U+6C23><U+5C0F><U+5E6B><U+624B>"
"F-C0032-024","<U+65B0><U+7AF9><U+5E02><U+5929><U+6C23><U+5C0F><U+5E6B><U+624B>"
"F-C0032-025","<U+5C4F><U+6771><U+7E23><U+5929><U+6C23><U+5C0F><U+5E6B><U+624B>"
"F-C0032-026","<U+5357><U+6295><U+7E23><U+5929><U+6C23><U+5C0F><U+5E6B><U+624B>"
"F-C0032-027","<U+53F0><U+6771><U+7E23><U+5929><U+6C23><U+5C0F><U+5E6B><U+624B>"
"F-C0032-028","<U+5F70><U+5316><U+7E23><U+5929><U+6C23><U+5C0F><U+5E6B><U+624B>"
"F-C0032-029","<U+96F2><U+6797><U+7E23><U+5929><U+6C23><U+5C0F><U+5E6B><U+624B>"
"F-C0032-030","<U+9023><U+6C5F><U+7E23><U+5929><U+6C23><U+5C0F><U+5E6B><U+624B>"
"F-C0035-001","<U+5929><U+6C23><U+5206><U+6790><U+8207><U+9810><U+6E2C><U+5716>-<U+5730><U+9762><U+5929><U+6C23><U+5716>"
"F-C0035-003","<U+5929><U+6C23><U+5206><U+6790><U+8207><U+9810><U+6E2C><U+5716>-<U+6700><U+65B0><U+5929><U+6C23><U+5716>"
"F-C0035-006","<U+5929><U+6C23><U+5206><U+6790><U+8207><U+9810><U+6E2C><U+5716>-<U+4E00><U+9031><U+5929><U+6C23><U+9810><U+6E2C><U+5716>(<U+7B2C>0<U+5929>)"
"F-C0035-007","<U+5929><U+6C23><U+5206><U+6790><U+8207><U+9810><U+6E2C><U+5716>-<U+4E00><U+9031><U+5929><U+6C23><U+9810><U+6E2C><U+5716>(<U+7B2C>1<U+5929>)"
"F-C0035-008","<U+5929><U+6C23><U+5206><U+6790><U+8207><U+9810><U+6E2C><U+5716>-<U+4E00><U+9031><U+5929><U+6C23><U+9810><U+6E2C><U+5716>(<U+7B2C>2<U+5929>)"
"F-C0035-009","<U+5929><U+6C23><U+5206><U+6790><U+8207><U+9810><U+6E2C><U+5716>-<U+4E00><U+9031><U+5929><U+6C23><U+9810><U+6E2C><U+5716>(<U+7B2C>3<U+5929>)"
"F-C0035-010","<U+5929><U+6C23><U+5206><U+6790><U+8207><U+9810><U+6E2C><U+5716>-<U+4E00><U+9031><U+5929><U+6C23><U+9810><U+6E2C><U+5716>(<U+7B2C>4<U+5929>)"
"F-C0035-011","<U+5929><U+6C23><U+5206><U+6790><U+8207><U+9810><U+6E2C><U+5716>-<U+4E00><U+9031><U+5929><U+6C23><U+9810><U+6E2C><U+5716>(<U+7B2C>5<U+5929>)"
"F-C0035-012","<U+5929><U+6C23><U+5206><U+6790><U+8207><U+9810><U+6E2C><U+5716>-<U+4E00><U+9031><U+5929><U+6C23><U+9810><U+6E2C><U+5716>(<U+7B2C>6<U+5929>)"
"F-C0035-013","<U+5929><U+6C23><U+5206><U+6790><U+8207><U+9810><U+6E2C><U+5716>-<U+4E00><U+9031><U+5929><U+6C23><U+9810><U+6E2C><U+5716>(<U+7B2C>7<U+5929>)"
"F-C0035-014","<U+5929><U+6C23><U+5206><U+6790><U+8207><U+9810><U+6E2C><U+5716>-<U+4E00><U+9031><U+5929><U+6C23><U+9810><U+6E2C><U+5716>(<U+9ED1><U+767D>)"
"F-C0035-015","<U+5929><U+6C23><U+5206><U+6790><U+8207><U+9810><U+6E2C><U+5716>-<U+5B9A><U+91CF><U+964D><U+6C34><U+9810><U+5831>(I)(<U+672A><U+4F86>0-12<U+5C0F><U+6642>)"
"F-C0035-017","<U+5929><U+6C23><U+5206><U+6790><U+8207><U+9810><U+6E2C><U+5716>-<U+5B9A><U+91CF><U+964D><U+6C34><U+9810><U+5831>(II)(<U+672A><U+4F86>12-24<U+5C0F><U+6642>)"
"F-C0035-019","<U+5929><U+6C23><U+5206><U+6790><U+8207><U+9810><U+6E2C><U+5716>-<U+6CE2><U+6D6A><U+5206><U+6790><U+5716>"
"F-C0035-020","<U+5929><U+6C23><U+5206><U+6790><U+8207><U+9810><U+6E2C><U+5716>-24<U+5C0F><U+6642><U+6CE2><U+6D6A><U+9810><U+5831><U+5716>"
"F-C0035-021","<U+5929><U+6C23><U+5206><U+6790><U+8207><U+9810><U+6E2C><U+5716>-36<U+5C0F><U+6642><U+6CE2><U+6D6A><U+9810><U+5831><U+5716>"
"F-C0035-022","<U+5929><U+6C23><U+5206><U+6790><U+8207><U+9810><U+6E2C><U+5716>-48<U+5C0F><U+6642><U+6CE2><U+6D6A><U+9810><U+5831><U+5716>"
"F-C0036-001","<U+6F6E><U+9AD8><U+9810><U+5831>-<U+660E><U+5E74><U+9010><U+6642><U+6F6E><U+9AD8><U+9810><U+5831>"
"F-D0047-001","<U+5B9C><U+862D><U+7E23><U+672A><U+4F86>2<U+5929><U+5929><U+6C23><U+9810><U+5831>"
"F-D0047-003","<U+5B9C><U+862D><U+7E23><U+672A><U+4F86>1<U+9031><U+5929><U+6C23><U+9810><U+5831>"
"F-D0047-005","<U+6843><U+5712><U+5E02><U+672A><U+4F86>2<U+5929><U+5929><U+6C23><U+9810><U+5831>"
"F-D0047-007","<U+6843><U+5712><U+5E02><U+672A><U+4F86>1<U+9031><U+5929><U+6C23><U+9810><U+5831>"
"F-D0047-009","<U+65B0><U+7AF9><U+7E23><U+672A><U+4F86>2<U+5929><U+5929><U+6C23><U+9810><U+5831>"
"F-D0047-011","<U+65B0><U+7AF9><U+7E23><U+672A><U+4F86>1<U+9031><U+5929><U+6C23><U+9810><U+5831>"
"F-D0047-013","<U+82D7><U+6817><U+7E23><U+672A><U+4F86>2<U+5929><U+5929><U+6C23><U+9810><U+5831>"
"F-D0047-015","<U+82D7><U+6817><U+7E23><U+672A><U+4F86>1<U+9031><U+5929><U+6C23><U+9810><U+5831>"
"F-D0047-017","<U+5F70><U+5316><U+7E23><U+672A><U+4F86>2<U+5929><U+5929><U+6C23><U+9810><U+5831>"
"F-D0047-019","<U+5F70><U+5316><U+7E23><U+672A><U+4F86>1<U+9031><U+5929><U+6C23><U+9810><U+5831>"
"F-D0047-021","<U+5357><U+6295><U+7E23><U+672A><U+4F86>2<U+5929><U+5929><U+6C23><U+9810><U+5831>"
"F-D0047-023","<U+5357><U+6295><U+7E23><U+672A><U+4F86>1<U+9031><U+5929><U+6C23><U+9810><U+5831>"
"F-D0047-025","<U+96F2><U+6797><U+7E23><U+672A><U+4F86>2<U+5929><U+5929><U+6C23><U+9810><U+5831>"
"F-D0047-027","<U+96F2><U+6797><U+7E23><U+672A><U+4F86>1<U+9031><U+5929><U+6C23><U+9810><U+5831>"
"F-D0047-029","<U+5609><U+7FA9><U+7E23><U+672A><U+4F86>2<U+5929><U+5929><U+6C23><U+9810><U+5831>"
"F-D0047-031","<U+5609><U+7FA9><U+7E23><U+672A><U+4F86>1<U+9031><U+5929><U+6C23><U+9810><U+5831>"
"F-D0047-033","<U+5C4F><U+6771><U+7E23><U+672A><U+4F86>2<U+5929><U+5929><U+6C23><U+9810><U+5831>"
"F-D0047-035","<U+5C4F><U+6771><U+7E23><U+672A><U+4F86>1<U+9031><U+5929><U+6C23><U+9810><U+5831>"
"F-D0047-037","<U+81FA><U+6771><U+7E23><U+672A><U+4F86>2<U+5929><U+5929><U+6C23><U+9810><U+5831>"
"F-D0047-039","<U+81FA><U+6771><U+7E23><U+672A><U+4F86>1<U+9031><U+5929><U+6C23><U+9810><U+5831>"
"F-D0047-041","<U+82B1><U+84EE><U+7E23><U+672A><U+4F86>2<U+5929><U+5929><U+6C23><U+9810><U+5831>"
"F-D0047-043","<U+82B1><U+84EE><U+7E23><U+672A><U+4F86>1<U+9031><U+5929><U+6C23><U+9810><U+5831>"
"F-D0047-045","<U+6F8E><U+6E56><U+7E23><U+672A><U+4F86>2<U+5929><U+5929><U+6C23><U+9810><U+5831>"
"F-D0047-047","<U+6F8E><U+6E56><U+7E23><U+672A><U+4F86>1<U+9031><U+5929><U+6C23><U+9810><U+5831>"
"F-D0047-049","<U+57FA><U+9686><U+5E02><U+672A><U+4F86>2<U+5929><U+5929><U+6C23><U+9810><U+5831>"
"F-D0047-051","<U+57FA><U+9686><U+5E02><U+672A><U+4F86>1<U+9031><U+5929><U+6C23><U+9810><U+5831>"
"F-D0047-053","<U+65B0><U+7AF9><U+5E02><U+672A><U+4F86>2<U+5929><U+5929><U+6C23><U+9810><U+5831>"
"F-D0047-055","<U+65B0><U+7AF9><U+5E02><U+672A><U+4F86>1<U+9031><U+5929><U+6C23><U+9810><U+5831>"
"F-D0047-057","<U+5609><U+7FA9><U+5E02><U+672A><U+4F86>2<U+5929><U+5929><U+6C23><U+9810><U+5831>"
"F-D0047-059","<U+5609><U+7FA9><U+5E02><U+672A><U+4F86>1<U+9031><U+5929><U+6C23><U+9810><U+5831>"
"F-D0047-061","<U+81FA><U+5317><U+5E02><U+672A><U+4F86>2<U+5929><U+5929><U+6C23><U+9810><U+5831>"
"F-D0047-063","<U+81FA><U+5317><U+5E02><U+672A><U+4F86>1<U+9031><U+5929><U+6C23><U+9810><U+5831>"
"F-D0047-065","<U+9AD8><U+96C4><U+5E02><U+672A><U+4F86>2<U+5929><U+5929><U+6C23><U+9810><U+5831>"
"F-D0047-067","<U+9AD8><U+96C4><U+5E02><U+672A><U+4F86>1<U+9031><U+5929><U+6C23><U+9810><U+5831>"
"F-D0047-069","<U+65B0><U+5317><U+5E02><U+672A><U+4F86>2<U+5929><U+5929><U+6C23><U+9810><U+5831>"
"F-D0047-071","<U+65B0><U+5317><U+5E02><U+672A><U+4F86>1<U+9031><U+5929><U+6C23><U+9810><U+5831>"
"F-D0047-073","<U+81FA><U+4E2D><U+5E02><U+672A><U+4F86>2<U+5929><U+5929><U+6C23><U+9810><U+5831>"
"F-D0047-075","<U+81FA><U+4E2D><U+5E02><U+672A><U+4F86>1<U+9031><U+5929><U+6C23><U+9810><U+5831>"
"F-D0047-077","<U+81FA><U+5357><U+5E02><U+672A><U+4F86>2<U+5929><U+5929><U+6C23><U+9810><U+5831>"
"F-D0047-079","<U+81FA><U+5357><U+5E02><U+672A><U+4F86>1<U+9031><U+5929><U+6C23><U+9810><U+5831>"
"F-D0047-081","<U+9023><U+6C5F><U+7E23><U+672A><U+4F86>2<U+5929><U+5929><U+6C23><U+9810><U+5831>"
"F-D0047-083","<U+9023><U+6C5F><U+7E23><U+672A><U+4F86>1<U+9031><U+5929><U+6C23><U+9810><U+5831>"
"F-D0047-085","<U+91D1><U+9580><U+7E23><U+672A><U+4F86>2<U+5929><U+5929><U+6C23><U+9810><U+5831>"
"F-D0047-087","<U+91D1><U+9580><U+7E23><U+672A><U+4F86>1<U+9031><U+5929><U+6C23><U+9810><U+5831>"
"F-D0047-089","<U+53F0><U+7063><U+672A><U+4F86>2<U+5929><U+5929><U+6C23><U+9810><U+5831>"
"F-D0047-091","<U+53F0><U+7063><U+672A><U+4F86>1<U+9031><U+5929><U+6C23><U+9810><U+5831>"
"F-D0047-093","<U+9109><U+93AE><U+5929><U+6C23><U+9810><U+5831>-<U+5168><U+81FA><U+7063><U+5404><U+9109><U+93AE><U+5E02><U+5340><U+9810><U+5831><U+8CC7><U+6599>"
"O-A0001-001","<U+81EA><U+52D5><U+6C23><U+8C61><U+7AD9>-<U+6C23><U+8C61><U+89C0><U+6E2C><U+8CC7><U+6599>"
"O-A0002-001","<U+81EA><U+52D5><U+96E8><U+91CF><U+7AD9>-<U+96E8><U+91CF><U+89C0><U+6E2C><U+8CC7><U+6599>"
"O-A0003-001","<U+5C40><U+5C6C><U+6C23><U+8C61><U+7AD9>-<U+73FE><U+5728><U+5929><U+6C23><U+89C0><U+6E2C><U+5831><U+544A>"
"O-A0004-001","<U+9178><U+96E8>pH<U+503C>-<U+6BCF><U+65E5><U+9178><U+96E8>pH<U+503C>"
"O-A0005-001","<U+7D2B><U+5916><U+7DDA><U+6307><U+6578>-<U+6BCF><U+65E5><U+7D2B><U+5916><U+7DDA><U+6307><U+6578><U+6700><U+5927><U+503C>"
"O-A0006-001","<U+81ED><U+6C27><U+7E3D><U+91CF><U+89C0><U+6E2C><U+8CC7><U+6599>-<U+6210><U+529F><U+7AD9>"
"O-A0006-002","<U+81ED><U+6C27><U+7E3D><U+91CF><U+89C0><U+6E2C><U+8CC7><U+6599>-<U+53F0><U+5317><U+7AD9>"
"O-A0011-001","<U+96F7><U+9054><U+56DE><U+6CE2><U+5716><U+5F69><U+8272><U+7522><U+54C1>-<U+5168><U+53F0><U+7063><U+5340><U+57DF><U+7121><U+5730><U+5F62><U+96F7><U+9054><U+56DE><U+6CE2><U+5716><U+6A94>"
"O-A0011-002","<U+96F7><U+9054><U+56DE><U+6CE2><U+5716><U+5F69><U+8272><U+7522><U+54C1>-<U+5317><U+53F0><U+7063><U+5340><U+57DF><U+7121><U+5730><U+5F62>"
"O-A0011-003","<U+96F7><U+9054><U+56DE><U+6CE2><U+5716><U+5F69><U+8272><U+7522><U+54C1>-<U+5357><U+53F0><U+7063><U+5340><U+57DF><U+7121><U+5730><U+5F62>"
"O-A0011-004","<U+96F7><U+9054><U+56DE><U+6CE2><U+5716><U+5F69><U+8272><U+7522><U+54C1>-<U+5168><U+53F0><U+7063><U+5340><U+57DF><U+6709><U+5730><U+5F62><U+96F7><U+9054><U+56DE><U+6CE2><U+5716><U+6A94>"
"O-A0011-005","<U+96F7><U+9054><U+56DE><U+6CE2><U+5716><U+5F69><U+8272><U+7522><U+54C1>-<U+5317><U+53F0><U+7063><U+5340><U+57DF><U+6709><U+5730><U+5F62>"
"O-A0011-006","<U+96F7><U+9054><U+56DE><U+6CE2><U+5716><U+5F69><U+8272><U+7522><U+54C1>-<U+5357><U+53F0><U+7063><U+5340><U+57DF><U+6709><U+5730><U+5F62>"
"O-A0017-001","<U+5373><U+6642><U+6D77><U+6CC1>-<U+6F6E><U+4F4D>-<U+6CBF><U+5CB8><U+6F6E><U+4F4D><U+7AD9><U+76E3><U+6E2C><U+8CC7><U+6599>"
"O-A0018-001","<U+5373><U+6642><U+6D77><U+6CC1>-<U+6D77><U+8C61><U+6D77><U+6EAB>-<U+6D6E><U+6A19><U+7AD9><U+76E3><U+6E2C><U+8CC7><U+6599>"
"O-A0019-001","<U+5373><U+6642><U+6D77><U+6CC1>-<U+6D77><U+6EAB>-<U+6D6E><U+6A19><U+7AD9><U+8207><U+6CBF><U+5CB8><U+6F6E><U+4F4D><U+7AD9><U+76E3><U+6E2C><U+8CC7><U+6599>"
"O-A0038-001","<U+6EAB><U+5EA6><U+5206><U+5E03><U+5716>-<U+6EAB><U+5EA6><U+5206><U+5E03><U+5716>"
"O-A0039-001","<U+9583><U+96FB><U+843D><U+96F7><U+7CFB><U+7D71><U+5373><U+6642><U+89C0><U+6E2C><U+8CC7><U+6599>-<U+9583><U+96FB><U+843D><U+96F7><U+7CFB><U+7D71><U+5373><U+6642><U+89C0><U+6E2C><U+8CC7><U+6599>"
"O-A0040-001","<U+65E5><U+7D2F><U+7A4D><U+96E8><U+91CF><U+5716><U+8CC7><U+6599>-<U+5927><U+9593><U+8DDD><U+65E5><U+7D2F><U+7A4D><U+96E8><U+91CF><U+5716><U+8CC7><U+6599>"
"O-A0040-002","<U+65E5><U+7D2F><U+7A4D><U+96E8><U+91CF><U+5716><U+8CC7><U+6599>-<U+5C0F><U+9593><U+8DDD><U+65E5><U+7D2F><U+7A4D><U+96E8><U+91CF><U+5716><U+8CC7><U+6599>"
"O-B0028-001","<U+7D05><U+5916><U+7DDA><U+5F69><U+8272><U+885B><U+661F><U+96F2><U+5716>-<U+5168><U+7403>"
"O-B0028-002","<U+7D05><U+5916><U+7DDA><U+5F69><U+8272><U+885B><U+661F><U+96F2><U+5716>-<U+6771><U+4E9E>"
"O-B0028-003","<U+7D05><U+5916><U+7DDA><U+5F69><U+8272><U+885B><U+661F><U+96F2><U+5716>-<U+53F0><U+7063>"
"O-B0029-001","<U+7D05><U+5916><U+7DDA><U+9ED1><U+767D><U+885B><U+661F><U+96F2><U+5716>-<U+5168><U+7403>"
"O-B0029-002","<U+7D05><U+5916><U+7DDA><U+9ED1><U+767D><U+885B><U+661F><U+96F2><U+5716>-<U+6771><U+4E9E>"
"O-B0029-003","<U+7D05><U+5916><U+7DDA><U+9ED1><U+767D><U+885B><U+661F><U+96F2><U+5716>-<U+53F0><U+7063>"
"O-B0030-001","<U+7D05><U+5916><U+7DDA><U+8272><U+8ABF><U+5F37><U+5316><U+885B><U+661F><U+96F2><U+5716>-<U+5168><U+7403>"
"O-B0030-002","<U+7D05><U+5916><U+7DDA><U+8272><U+8ABF><U+5F37><U+5316><U+885B><U+661F><U+96F2><U+5716>-<U+6771><U+4E9E>"
"O-B0030-003","<U+7D05><U+5916><U+7DDA><U+8272><U+8ABF><U+5F37><U+5316><U+885B><U+661F><U+96F2><U+5716>-<U+53F0><U+7063>"
"O-B0031-001","<U+53EF><U+898B><U+5149><U+885B><U+661F><U+96F2><U+5716>-<U+5168><U+7403>"
"O-B0031-002","<U+53EF><U+898B><U+5149><U+885B><U+661F><U+96F2><U+5716>-<U+6771><U+4E9E>"
"O-B0031-003","<U+53EF><U+898B><U+5149><U+885B><U+661F><U+96F2><U+5716>-<U+53F0><U+7063>"
"O-B0032-001","<U+9AD8><U+89E3><U+6790><U+885B><U+661F><U+96F2><U+5716>-<U+53EF><U+898B><U+5149>"
"O-B0032-002","<U+9AD8><U+89E3><U+6790><U+885B><U+661F><U+96F2><U+5716>-<U+5F69><U+8272>"
"O-B0032-003","<U+9AD8><U+89E3><U+6790><U+885B><U+661F><U+96F2><U+5716>-<U+9ED1><U+767D>"
"O-B0032-004","<U+9AD8><U+89E3><U+6790><U+885B><U+661F><U+96F2><U+5716>-<U+8272><U+8ABF><U+5F37><U+5316>"
"O-B0033-001","<U+5168><U+89E3><U+6790><U+885B><U+661F><U+96F2><U+5716>-<U+7D05><U+5916><U+7DDA>"
"O-B0033-002","<U+5168><U+89E3><U+6790><U+885B><U+661F><U+96F2><U+5716>-<U+53EF><U+898B><U+5149>"
"E-A0014-001","<U+6D77><U+562F><U+8CC7><U+8A0A><U+8CC7><U+6599>-<U+6D77><U+562F><U+8CC7><U+8A0A><U+8CC7><U+6599>"
"E-A0015-001","<U+986F><U+8457><U+6709><U+611F><U+5730><U+9707><U+5831><U+544A><U+8CC7><U+6599>-<U+986F><U+8457><U+6709><U+611F><U+5730><U+9707><U+5831><U+544A>"
"E-A0016-001","<U+5C0F><U+5340><U+57DF><U+6709><U+611F><U+5730><U+9707><U+5831><U+544A><U+8CC7><U+6599>-<U+5C0F><U+5340><U+57DF><U+6709><U+611F><U+5730><U+9707><U+5831><U+544A>"
"C-A0007-001","<U+8FB2><U+696D><U+6C23><U+8C61><U+65EC><U+5831>-<U+5404><U+5730><U+6C23><U+8C61><U+7D00><U+9304><U+53CA><U+5716><U+8868>"
"C-A0008-001","<U+89C0><U+6E2C><U+7DB2><U+65EC><U+8CC7><U+6599>-<U+4E00><U+7D1A><U+8FB2><U+696D><U+6C23><U+8C61><U+7AD9><U+89C0><U+6E2C><U+8CC7><U+6599>"
"C-A0009-001","<U+89C0><U+6E2C><U+7DB2><U+6708><U+8CC7><U+6599>-<U+4E00><U+7D1A><U+8FB2><U+696D><U+6C23><U+8C61><U+7AD9><U+89C0><U+6E2C><U+8CC7><U+6599>"
"C-B0024-001","30<U+5929><U+89C0><U+6E2C><U+8CC7><U+6599>-<U+672C><U+5C40><U+5C6C><U+5730><U+9762><U+6E2C><U+7AD9><U+89C0><U+6E2C><U+8CC7><U+6599>"
"C-B0025-001","<U+6BCF><U+65E5><U+96E8><U+91CF>-<U+5C40><U+5C6C><U+5730><U+9762><U+6E2C><U+7AD9><U+6BCF><U+65E5><U+96E8><U+91CF><U+8CC7><U+6599>"
"C-B0025-002","<U+6BCF><U+65E5><U+96E8><U+91CF>-<U+904E><U+53BB>9<U+5E74><U+5C40><U+5C6C><U+5730><U+9762><U+6E2C><U+7AD9><U+6BCF><U+65E5><U+96E8><U+91CF><U+8CC7><U+6599>"
"C-B0026-001","<U+6BCF><U+6708><U+6C23><U+8C61>-<U+5C40><U+5C6C><U+5730><U+9762><U+6E2C><U+7AD9><U+8CC7><U+6599>"
"C-B0026-002","<U+6BCF><U+6708><U+6C23><U+8C61>-<U+904E><U+53BB>9<U+5E74><U+5C40><U+5C6C><U+5730><U+9762><U+6E2C><U+7AD9><U+6BCF><U+6708><U+6C23><U+8C61><U+8CC7><U+6599>"
"C-B0027-001","<U+6708><U+5E73><U+5747>-<U+5C40><U+5C6C><U+5730><U+9762><U+6E2C><U+7AD9><U+8CC7><U+6599>"
"W-C0033-001","<U+5929><U+6C23><U+7279><U+5831>-<U+5404><U+5225><U+7E23><U+5E02><U+5730><U+5340><U+76EE><U+524D><U+4E4B><U+5929><U+6C23><U+8B66><U+7279><U+5831><U+60C5><U+5F62>"
"W-C0033-002","<U+5929><U+6C23><U+7279><U+5831>-<U+5404><U+5225><U+5929><U+6C23><U+8B66><U+7279><U+5831><U+4E4B><U+5167><U+5BB9><U+53CA><U+6240><U+5F71><U+97FF><U+4E4B><U+5340><U+57DF>"
"W-C0033-003","<U+5929><U+6C23><U+7279><U+5831>-<U+8C6A><U+5927><U+96E8><U+7279><U+5831>"
"W-C0034-001","<U+98B1><U+98A8><U+6D88><U+606F><U+8207><U+8B66><U+5831>-<U+98B1><U+98A8><U+8B66><U+5831>"
"W-C0034-002","<U+98B1><U+98A8><U+6D88><U+606F><U+8207><U+8B66><U+5831>-<U+98B1><U+98A8><U+6D88><U+606F>"
"W-C0034-003","<U+98B1><U+98A8><U+6D88><U+606F><U+8207><U+8B66><U+5831>-<U+98B1><U+98A8><U+4FB5><U+8972><U+6A5F><U+7387>"
